Project	file	SLOCAsItIs	SLOCNoCommentPrettyPrinter	SLOCStandard	CommentCodeRation	Readability	SimpleReadability	NVAR	NCOMP	Mcclure	McCabe	McCabeWOCases	IndentSTD	MaximumBlockDepth	totalFanOut	uniqueFanOut	n1	n2	N1	N2	Vocabulary	Length	Volume	Difficulty	Effort	Time	HalsteadBugs	MaintainabilityIndex	isPrivate	isProtected	isDefault	isPublic	isStatic	isAbstract	isGetterSetter	Parameters	LocalVariables	EnclosedExpressions	MaxEnclosedNesting	ChangeValue	Type
cucumber-jvm	940.json	3	3	3	0.0	0.06658723205327988	0.6631408055814512	0	0	0	1	1	1.89	0	2	2	11.0	5.0	18.0	6.0	16.0	24.0	96.0	6.6000004	633.60004	35.2	0.032	129.2378692626953	1	0	0	0	0	0	0	1	0	0	0	68	noise
cucumber-jvm	8.json	2	2	2	0.0	0.7713577151298523	0.897936689824008	0	0	0	1	1	0.0	0	0	0	11.0	2.0	12.0	2.0	13.0	14.0	51.806156	5.5	284.93387	15.829659	0.01726872	139.0139617919922	0	0	0	1	0	0	0	1	0	0	0	27	bad
cucumber-jvm	1068.json	16	16	16	0.0	0.0013918636832386255	1.1090101677947816E-6	3	3	6	5	5	3.12	2	11	8	33.0	14.0	90.0	34.0	47.0	124.0	688.769	40.07143	27599.959	1533.331	0.22958966	90.95255279541016	1	0	0	0	0	0	0	3	4	0	0	84	noise
cucumber-jvm	382.json	6	3	6	0.0	0.8292338252067566	0.9010090667247364	0	0	0	1	1	5.5	0	0	0	10.0	5.0	14.0	12.0	15.0	26.0	101.579155	12.0	1218.9498	67.71944	0.03385972	117.71513366699219	0	0	0	1	0	0	0	0	0	0	0	131	noise
cucumber-jvm	296.json	3	3	3	0.0	0.8476499319076538	0.9151106614805777	0	0	0	1	1	1.89	0	1	1	11.0	2.0	13.0	2.0	13.0	15.0	55.506596	5.5	305.2863	16.96035	0.018502198	132.086669921875	0	0	0	1	0	0	0	0	0	0	0	0	good
cucumber-jvm	1032.json	7	7	7	0.0	0.035624969750642776	0.15770869334861068	0	0	0	2	2	3.02	1	1	1	19.0	7.0	35.0	10.0	26.0	45.0	211.51979	13.571429	2870.626	159.47922	0.070506595	111.17379760742188	1	0	0	0	0	0	0	2	0	0	0	204	noise
cucumber-jvm	613.json	6	6	6	0.0	0.06915432959794998	0.26267613823371105	0	0	0	2	2	2.75	1	3	3	19.0	7.0	28.0	9.0	26.0	37.0	173.91628	12.214286	2124.2632	118.01462	0.057972092	114.68891143798828	0	0	0	1	0	0	0	0	1	0	0	0	good
cucumber-jvm	1106.json	16	17	16	0.0	0.002327708760276437	1.4501265671397455E-7	2	2	4	3	3	4.41	2	11	8	35.0	10.0	114.0	21.0	45.0	135.0	741.4002	36.75	27246.457	1513.692	0.2471334	91.02965545654297	1	0	0	0	0	0	0	1	2	0	0	0	good
cucumber-jvm	1256.json	3	3	3	0.0	0.8714024424552917	0.9612640214151162	0	0	0	1	1	1.89	0	0	0	9.0	2.0	10.0	2.0	11.0	12.0	41.51318	4.5	186.80931	10.378295	0.013837727	133.59722900390625	0	0	0	1	0	0	1	0	0	0	0	0	good
cucumber-jvm	69.json	3	3	3	0.0	0.2313121259212494	0.777047301914064	0	0	0	1	1	1.89	0	1	1	13.0	3.0	15.0	5.0	16.0	20.0	80.0	10.833333	866.6666	48.148148	0.026666667	130.18594360351562	0	1	0	0	0	0	0	2	0	0	0	0	good
cucumber-jvm	611.json	8	7	8	0.0	0.10228119045495987	0.037021040736125506	1	1	2	2	2	4.8	1	3	3	25.0	7.0	41.0	13.0	32.0	54.0	270.0	23.214285	6267.857	348.21426	0.09	107.74124908447266	1	0	0	0	0	0	0	1	1	0	0	0	good
cucumber-jvm	386.json	14	14	13	0.0	0.5773541927337646	0.17380602099690454	1	1	2	2	2	5.17	2	3	3	27.0	7.0	51.0	10.0	34.0	61.0	310.33524	19.285715	5985.037	332.50208	0.103445075	99.15202331542969	0	0	0	1	0	0	0	1	0	0	0	378	ugly
cucumber-jvm	26.json	4	4	4	0.0	0.8583095669746399	0.7844462488744901	0	0	0	1	1	2.0	0	1	1	12.0	5.0	15.0	6.0	17.0	21.0	85.83672	7.2000003	618.0244	34.33469	0.028612241	125.15930938720703	0	0	0	1	0	0	0	0	0	0	0	0	good
cucumber-jvm	1140.json	5	5	5	0.0	0.04814183712005615	0.36977013513028684	0	0	0	2	2	2.99	1	1	1	19.0	5.0	25.0	8.0	24.0	33.0	151.30376	15.2	2299.8171	127.76762	0.050434586	118.3667984008789	0	0	0	1	0	0	0	2	1	0	0	411	ugly
cucumber-jvm	260.json	3	3	3	0.0	0.4178309440612793	0.7698188966494155	0	0	0	1	1	1.89	0	2	2	13.0	3.0	17.0	4.0	16.0	21.0	84.0	8.666667	728.0	40.444443	0.028	129.93223571777344	0	0	0	1	0	0	0	0	0	0	0	14	bad
cucumber-jvm	946.json	2	2	2	0.0	0.0473635271191597	0.83880841279688	0	0	0	1	1	0.0	0	0	0	10.0	3.0	11.0	3.0	13.0	14.0	51.806156	5.0	259.0308	14.390599	0.01726872	139.0139617919922	0	0	0	1	0	0	0	2	0	0	0	799	ugly
cucumber-jvm	251.json	3	3	3	0.0	0.7355196475982666	0.9072552127095086	0	0	0	1	1	1.89	0	1	1	10.0	2.0	12.0	2.0	12.0	14.0	50.189476	5.0	250.94739	13.941522	0.016729826	132.61029052734375	0	0	0	1	0	0	0	0	0	0	0	1103	ugly
cucumber-jvm	618.json	9	9	9	0.0	0.05820399895310402	0.01425803318286298	0	0	0	2	2	3.14	1	3	3	25.0	8.0	45.0	17.0	33.0	62.0	312.75244	26.5625	8307.486	461.527	0.10425081	105.06881713867188	0	0	0	1	0	0	0	1	1	0	0	0	good
cucumber-jvm	236.json	3	3	3	0.0	0.11402878910303116	0.6503160470174767	0	0	0	1	1	1.89	0	1	1	12.0	4.0	16.0	6.0	16.0	22.0	88.0	9.0	792.0	44.0	0.029333333	129.69032287597656	0	0	0	1	0	0	0	2	0	0	0	0	good
cucumber-jvm	442.json	3	3	3	0.0	0.23584148287773132	0.561193378066783	0	0	0	1	1	1.89	0	3	2	13.0	3.0	20.0	4.0	16.0	24.0	96.0	8.666667	832.0	46.22222	0.032	129.2378692626953	0	0	0	1	0	0	0	1	0	0	0	40	noise
cucumber-jvm	1244.json	3	3	3	0.0	0.8714024424552917	0.9612640214151162	0	0	0	1	1	1.89	0	0	0	9.0	2.0	10.0	2.0	11.0	12.0	41.51318	4.5	186.80931	10.378295	0.013837727	133.59722900390625	0	0	0	1	0	0	1	0	0	0	0	0	good
cucumber-jvm	426.json	3	3	3	0.0	0.6518692374229431	0.9379183266437937	0	0	0	1	1	1.89	0	1	1	11.0	2.0	13.0	2.0	13.0	15.0	55.506596	5.5	305.2863	16.96035	0.018502198	132.086669921875	0	0	0	1	0	0	1	0	0	0	0	27	bad
cucumber-jvm	1209.json	3	3	3	0.0	0.8129423260688782	0.7534459506501037	0	0	0	1	1	1.89	0	0	0	14.0	3.0	17.0	3.0	17.0	20.0	81.74926	7.0	572.2448	31.791378	0.027249753	130.07347106933594	0	0	0	1	0	0	0	1	0	0	0	18	bad
cucumber-jvm	1195.json	12	12	12	0.0	0.0075323861092329025	5.219219474635514E-4	1	1	2	4	4	4.93	3	4	4	28.0	8.0	69.0	18.0	36.0	87.0	449.7835	31.5	14168.181	787.12115	0.14992784	98.05892944335938	1	0	0	0	0	0	0	1	4	0	0	349	ugly
cucumber-jvm	126.json	3	3	3	0.0	0.06115548312664032	0.648211259711369	0	0	0	1	1	1.89	0	1	1	13.0	5.0	16.0	6.0	18.0	22.0	91.73836	7.8	715.5592	39.75329	0.030579453	129.47398376464844	0	1	0	0	0	0	0	2	0	0	0	472	ugly
cucumber-jvm	1521.json	29	18	28	0.0	1.9552271987777203E-4	7.62894896333497E-8	1	1	2	2	2	5.13	1	13	6	27.0	24.0	111.0	54.0	51.0	165.0	935.9502	30.375	28429.486	1579.4159	0.3119834	80.98216247558594	0	0	0	1	0	0	0	1	11	0	0	234	noise
cucumber-jvm	1114.json	2	2	2	0.0	0.3386489152908325	0.9412171777570996	0	0	0	1	1	0.0	0	0	0	7.0	1.0	8.0	1.0	8.0	9.0	27.0	3.5	94.5	5.25	0.009	142.4026641845703	0	0	0	1	0	0	0	0	0	0	0	0	good
cucumber-jvm	13.json	3	3	3	0.0	0.3825625479221344	0.5602009262231935	0	0	0	1	1	1.89	0	1	1	12.0	6.0	16.0	7.0	18.0	23.0	95.90828	7.0	671.358	37.297665	0.031969428	129.2428436279297	0	0	0	1	0	0	0	1	0	0	0	113	noise
cucumber-jvm	1070.json	3	3	3	0.0	0.9695513248443604	0.8336023149817913	0	0	0	1	1	1.89	0	0	0	10.0	6.0	14.0	6.0	16.0	20.0	80.0	5.0	400.0	22.222221	0.026666667	130.18594360351562	0	0	0	1	0	0	1	0	0	0	0	24	bad
cucumber-jvm	619.json	3	3	3	0.0	0.2570772171020508	0.4942042548727577	0	0	0	1	1	1.89	0	1	1	16.0	3.0	20.0	4.0	19.0	24.0	101.950264	10.666667	1087.4695	60.41497	0.03398342	128.92515563964844	0	0	0	0	1	0	0	1	0	0	0	0	good
cucumber-jvm	1064.json	8	8	8	0.0	0.0	7.486050244934022E-6	0	0	0	1	1	1.73	0	7	2	16.0	16.0	64.0	39.0	32.0	103.0	515.0	19.5	10042.5	557.9167	0.17166667	104.6133804321289	1	0	0	0	0	0	0	2	1	0	0	149	noise
cucumber-jvm	1165.json	3	3	3	0.0	0.5458032488822937	0.850997571863161	0	0	0	1	1	1.89	0	1	1	11.0	3.0	13.0	4.0	14.0	17.0	64.72504	7.3333335	474.65027	26.36946	0.021575011	131.28770446777344	0	0	0	1	0	0	0	1	0	0	0	191	noise
cucumber-jvm	469.json	3	3	3	0.0	0.8027470111846924	0.9542963651582133	0	0	0	1	1	1.89	0	0	0	9.0	2.0	10.0	2.0	11.0	12.0	41.51318	4.5	186.80931	10.378295	0.013837727	133.59722900390625	0	0	0	1	0	0	0	0	0	0	0	19	bad
cucumber-jvm	1116.json	3	3	3	0.0	0.3869644105434418	0.5870578872340977	0	0	0	1	1	1.89	0	0	0	15.0	4.0	17.0	4.0	19.0	21.0	89.20648	7.5	669.0486	37.169365	0.029735494	129.61952209472656	0	0	0	1	0	0	0	2	0	0	0	0	good
cucumber-jvm	1035.json	7	7	7	0.0	0.035624969750642776	0.15770869334861068	0	0	0	2	2	3.02	1	1	1	19.0	7.0	35.0	10.0	26.0	45.0	211.51979	13.571429	2870.626	159.47922	0.070506595	111.17379760742188	1	0	0	0	0	0	0	2	0	0	0	204	noise
cucumber-jvm	1055.json	3	3	3	0.0	0.6190881133079529	0.9104561574861216	0	0	0	1	1	1.89	0	1	1	11.0	3.0	13.0	4.0	14.0	17.0	64.72504	7.3333335	474.65027	26.36946	0.021575011	131.28770446777344	0	0	0	1	0	0	0	1	0	0	0	0	good
cucumber-jvm	942.json	11	11	11	0.0	0.07155892252922058	0.04726037529051153	1	1	2	3	3	3.56	2	6	5	23.0	7.0	48.0	16.0	30.0	64.0	314.041	26.285715	8254.792	458.59955	0.10468033	101.56657409667969	0	0	0	1	0	0	0	1	2	0	0	23	bad
cucumber-jvm	1372.json	7	7	7	0.0	0.5947018265724182	0.5214921441496754	2	1	3	2	2	2.56	1	2	2	17.0	6.0	28.0	8.0	23.0	36.0	162.84824	11.333334	1845.6134	102.53408	0.054282747	112.53359985351562	0	0	0	1	1	0	0	1	1	0	0	145	noise
cucumber-jvm	237.json	3	3	3	0.0	0.8999741673469543	0.9029647880067425	0	0	0	1	1	1.89	0	0	0	10.0	3.0	11.0	3.0	13.0	14.0	51.806156	5.0	259.0308	14.390599	0.01726872	132.4454345703125	0	0	0	1	0	0	0	1	0	0	0	0	good
cucumber-jvm	781.json	3	3	3	0.0	0.002736113965511322	0.014341881960983575	0	0	0	1	1	1.89	0	1	1	22.0	7.0	37.0	9.0	29.0	46.0	223.46713	14.142857	3160.4636	175.58131	0.07448904	124.84430694580078	1	0	0	0	1	0	0	1	0	0	0	130	noise
cucumber-jvm	1532.json	3	3	3	0.0	0.6443954706192017	0.8815870759980969	0	0	0	1	1	1.89	0	0	0	9.0	3.0	10.0	3.0	12.0	13.0	46.604515	4.5	209.72032	11.651129	0.015534839	132.9956512451172	0	0	0	1	0	0	0	0	0	0	0	175	noise
cucumber-jvm	1067.json	7	7	7	0.0	0.002197802998125553	0.06517251266791847	1	1	2	2	2	3.02	1	4	2	15.0	10.0	35.0	15.0	25.0	50.0	232.19281	11.25	2612.1692	145.12051	0.0773976	110.68890380859375	1	0	0	0	0	0	0	2	0	0	0	166	noise
cucumber-jvm	67.json	3	3	3	0.0	0.745898962020874	0.9023334088448333	0	0	0	1	1	1.89	0	0	0	11.0	3.0	12.0	3.0	14.0	15.0	57.110325	5.5	314.10678	17.450377	0.019036775	131.9385528564453	0	1	0	0	0	0	0	0	0	0	0	7	bad
cucumber-jvm	121.json	3	3	3	0.0	0.6416933536529541	0.6569397324583919	0	0	0	1	1	1.89	0	2	2	12.0	4.0	18.0	5.0	16.0	23.0	92.0	7.5	690.0	38.333332	0.030666666	129.4591827392578	0	0	0	1	0	0	1	0	0	0	0	96	noise
cucumber-jvm	1007.json	3	3	3	0.0	0.7739538550376892	0.8816593461438715	0	0	0	1	1	1.89	0	1	1	11.0	2.0	14.0	2.0	13.0	16.0	59.207035	5.5	325.6387	18.09104	0.019735679	131.75106811523438	0	0	0	1	0	0	0	0	0	0	0	0	good
cucumber-jvm	1367.json	7	7	7	0.0	0.09702050685882568	0.011100611994419548	0	0	0	2	2	3.02	1	3	3	25.0	8.0	45.0	12.0	33.0	57.0	287.53046	18.75	5391.1963	299.5109	0.09584349	109.57734680175781	1	0	0	0	0	0	0	1	0	0	0	57	noise
cucumber-jvm	1535.json	3	3	3	0.0	0.07568904757499695	0.5847235244527703	0	0	0	1	1	1.89	0	2	1	11.0	5.0	17.0	10.0	16.0	27.0	108.0	11.0	1188.0	66.0	0.036	128.62539672851562	0	0	0	1	0	0	0	1	0	0	0	14	bad
cucumber-jvm	747.json	3	3	3	0.0	0.02990933321416378	0.12395424184788953	0	0	0	1	1	1.89	0	4	3	20.0	3.0	29.0	6.0	23.0	35.0	158.32466	20.0	3166.4932	175.91629	0.052774888	126.63631439208984	0	0	0	1	1	0	0	1	0	0	0	145	noise
cucumber-jvm	269.json	3	3	3	0.0	0.9651961326599121	0.9699708992773997	0	0	0	1	1	1.89	0	0	0	9.0	2.0	10.0	2.0	11.0	12.0	41.51318	4.5	186.80931	10.378295	0.013837727	133.59722900390625	0	0	0	1	0	0	1	0	0	0	0	0	good
cucumber-jvm	12.json	10	8	10	0.0	0.05823224410414696	0.0910094006612978	0	0	0	2	2	5.38	1	3	3	24.0	7.0	40.0	13.0	31.0	53.0	262.57242	22.285713	5851.614	325.08966	0.08752414	104.2713851928711	1	0	0	0	0	0	0	1	1	0	0	56	noise
cucumber-jvm	1522.json	6	3	6	0.0	0.9472729563713074	0.9242270867176102	0	0	0	1	1	5.5	0	0	0	10.0	5.0	14.0	12.0	15.0	26.0	101.579155	12.0	1218.9498	67.71944	0.03385972	117.71513366699219	0	1	0	0	0	0	0	0	0	0	0	83	noise
cucumber-jvm	1023.json	5	5	5	0.0	0.03747459501028061	0.14634457647483068	0	0	0	1	1	1.96	0	4	4	18.0	5.0	31.0	11.0	23.0	42.0	189.98961	19.800001	3761.7944	208.98859	0.06332987	117.4128646850586	1	0	0	0	0	0	0	3	1	0	0	438	ugly
cucumber-jvm	425.json	3	3	3	0.0	0.5584195852279663	0.7803516526057197	0	0	0	1	1	1.89	0	2	2	12.0	4.0	16.0	4.0	16.0	20.0	80.0	6.0	480.0	26.666666	0.026666667	130.18594360351562	0	0	0	1	0	0	1	0	0	0	0	51	noise
cucumber-jvm	259.json	3	3	3	0.0	0.8259879946708679	0.9389928470522276	0	0	0	1	1	1.89	0	1	1	10.0	3.0	12.0	3.0	13.0	15.0	55.506596	5.0	277.533	15.418499	0.018502198	132.086669921875	0	0	0	1	0	0	0	0	0	0	0	0	good
cucumber-jvm	271.json	3	3	3	0.0	0.6517856121063232	0.8723744897689732	0	0	0	1	1	1.89	0	0	0	12.0	2.0	13.0	4.0	14.0	17.0	64.72504	12.0	776.70044	43.150024	0.021575011	131.28770446777344	0	0	0	1	0	0	1	1	0	0	0	0	good
cucumber-jvm	25.json	4	4	4	0.0	0.2608416974544525	0.25147415263029377	0	0	0	1	1	2.0	0	1	1	19.0	4.0	27.0	5.0	23.0	32.0	144.75398	11.875	1718.9535	95.49741	0.048251327	122.44184875488281	0	0	0	1	0	0	0	0	0	0	0	0	good
cucumber-jvm	750.json	3	3	3	0.0	0.10719886422157288	0.6344401430130395	0	0	0	1	1	1.89	0	1	1	14.0	5.0	16.0	6.0	19.0	22.0	93.45441	8.400001	785.0171	43.61206	0.03115147	129.37762451171875	1	0	0	0	1	0	0	1	0	0	0	15	bad
cucumber-jvm	1174.json	3	3	3	0.0	0.060398854315280914	0.6150158348254594	0	0	0	1	1	3.77	0	0	0	13.0	2.0	19.0	2.0	15.0	21.0	82.0447	6.5	533.2905	29.62725	0.027348233	130.05470275878906	0	0	0	1	0	0	1	0	0	0	0	40	noise
cucumber-jvm	608.json	3	3	3	0.0	0.4387931525707245	0.3744953175895722	0	0	0	1	1	1.89	0	1	1	19.0	2.0	23.0	3.0	21.0	26.0	114.20025	14.25	1627.3535	90.40853	0.03806675	128.3351287841797	0	0	0	0	1	0	0	1	0	0	0	0	good
cucumber-jvm	1021.json	5	5	5	0.0	0.0033789430744946003	0.15494400455723076	0	0	0	1	1	1.96	0	2	2	17.0	8.0	28.0	13.0	25.0	41.0	190.3981	13.8125	2629.8738	146.1041	0.063466035	117.40169525146484	1	0	0	0	0	0	0	4	1	0	0	0	good
cucumber-jvm	1342.json	10	10	10	0.0	0.014926476404070854	0.0012379425845975356	0	0	0	2	2	2.8	1	8	5	25.0	9.0	61.0	17.0	34.0	78.0	396.8221	23.61111	9369.411	520.5228	0.13227403	102.12398529052734	1	0	0	0	0	0	0	2	2	0	0	490	ugly
cucumber-jvm	286.json	3	3	3	0.0	0.9725267291069031	0.9688010058155987	0	0	0	1	1	1.89	0	0	0	9.0	3.0	10.0	3.0	12.0	13.0	46.604515	4.5	209.72032	11.651129	0.015534839	132.9956512451172	0	0	0	1	0	0	0	0	0	0	0	0	good
cucumber-jvm	253.json	36	28	31	0.06451612903225806	0.0	4.2409515271694046E-13	5	6	11	6	6	4.56	2	23	14	40.0	24.0	160.0	67.0	64.0	227.0	1362.0	55.833336	76045.0	4224.722	0.454	76.46251678466797	0	0	0	1	0	0	0	0	5	0	0	1209	ugly
cucumber-jvm	10.json	8	8	8	0.0	0.4037178158760071	0.585114867440949	1	1	2	2	2	2.83	1	3	3	19.0	3.0	29.0	5.0	22.0	34.0	151.62068	15.833333	2400.6606	133.37004	0.050540227	110.74185943603516	0	0	0	1	0	0	0	0	1	0	0	24	bad
cucumber-jvm	128.json	6	5	6	0.0	0.16567166149616241	0.22618128222978653	0	0	0	2	2	2.75	0	5	5	20.0	5.0	32.0	8.0	25.0	40.0	185.75424	16.0	2972.0679	165.11488	0.06191808	114.34648895263672	0	0	0	1	0	0	0	0	2	0	0	1794	ugly
cucumber-jvm	20.json	3	3	3	0.0	0.4508418142795563	0.8586441681464527	0	0	0	1	1	1.89	0	2	2	11.0	3.0	16.0	3.0	14.0	19.0	72.339745	5.5	397.8686	22.103811	0.024113249	130.70933532714844	0	1	0	0	0	0	0	0	0	0	0	96	noise
cucumber-jvm	1123.json	8	8	8	0.0	2.1165702491998672E-4	1.627059688496106E-4	0	0	0	2	2	2.4	1	14	6	22.0	7.0	67.0	21.0	29.0	88.0	427.50235	33.0	14107.577	783.7543	0.14250079	105.35165405273438	0	0	0	1	0	0	0	0	2	0	0	166	noise
cucumber-jvm	1031.json	22	21	21	0.0	0.004715766292065382	1.1970991574268194E-6	2	2	4	7	7	6.6	4	6	6	40.0	13.0	105.0	28.0	53.0	133.0	761.8134	43.076927	32816.582	1823.1434	0.2539378	85.5630874633789	1	0	0	0	0	0	0	2	2	0	0	1106	ugly
cucumber-jvm	278.json	3	3	3	0.0	0.7829822897911072	0.9379372980641401	0	0	0	1	1	1.89	0	1	1	10.0	2.0	12.0	2.0	12.0	14.0	50.189476	5.0	250.94739	13.941522	0.016729826	132.61029052734375	0	0	0	1	0	0	0	0	0	0	0	21	bad
cucumber-jvm	258.json	19	19	19	0.0	0.005357262212783098	3.691565097865418E-7	6	5	11	6	6	3.5	5	19	7	22.0	11.0	111.0	41.0	33.0	152.0	766.74786	41.0	31436.662	1746.4812	0.25558263	87.38086700439453	0	0	0	1	0	0	0	1	3	0	0	50	noise
cucumber-jvm	622.json	3	3	3	0.0	0.9437154531478882	0.9157245439517159	0	0	0	1	1	1.89	0	0	0	11.0	4.0	12.0	4.0	15.0	16.0	62.51025	5.5	343.80637	19.100353	0.02083675	131.46876525878906	0	1	0	0	0	0	0	1	0	0	0	0	good
cucumber-jvm	925.json	12	9	11	0.0	5.125451134517789E-4	9.118661830445739E-5	0	0	0	2	2	3.17	1	9	7	28.0	13.0	71.0	21.0	41.0	92.0	492.89478	22.615383	11147.004	619.278	0.16429825	99.45256042480469	1	0	0	0	0	0	0	1	5	0	0	633	ugly
cucumber-jvm	79.json	6	5	6	0.0	0.17687417566776276	0.2145196901023867	0	0	0	2	2	2.75	0	5	5	20.0	5.0	32.0	8.0	25.0	40.0	185.75424	16.0	2972.0679	165.11488	0.06191808	114.34648895263672	0	0	0	1	0	0	0	0	2	0	0	126	noise
cucumber-jvm	1457.json	3	3	3	0.0	0.016368817538022995	0.4840975935254315	0	0	0	1	1	1.89	0	2	1	13.0	4.0	22.0	5.0	17.0	27.0	110.361496	8.125	896.68713	49.815952	0.036787163	128.51292419433594	1	0	0	0	0	0	0	1	0	0	0	387	ugly
cucumber-jvm	1013.json	11	11	11	0.0	0.07530870288610458	0.003785665553546484	1	2	3	5	5	2.41	1	5	2	23.0	10.0	58.0	18.0	33.0	76.0	383.37393	20.699999	7935.84	440.88	0.12779132	100.0692367553711	1	0	0	0	0	0	0	0	4	1	1	393	ugly
cucumber-jvm	284.json	4	4	4	0.0	0.722312867641449	0.8406956479872758	0	0	0	1	1	2.0	0	2	2	13.0	3.0	18.0	4.0	16.0	22.0	88.0	8.666667	762.6667	42.370373	0.029333333	125.02987670898438	0	0	0	1	0	0	0	0	1	0	0	0	good
cucumber-jvm	748.json	13	13	13	0.0	0.10427594184875488	3.9493723644309453E-4	0	0	0	5	5	2.79	1	2	2	27.0	9.0	74.0	16.0	36.0	90.0	465.29327	24.0	11167.039	620.39105	0.15509775	96.35594940185547	1	0	0	0	0	0	0	3	0	0	0	298	noise
cucumber-jvm	292.json	8	8	8	0.0	0.3897966146469116	0.7103923335375673	1	1	2	3	3	3.87	2	1	1	18.0	5.0	30.0	7.0	23.0	37.0	167.3718	12.599999	2108.8845	117.16025	0.0557906	109.99791717529297	0	0	0	1	0	0	0	0	1	0	0	0	good
cucumber-jvm	1490.json	4	4	4	0.0	0.2543320059776306	0.21726755772519038	0	0	0	1	1	2.0	0	3	3	18.0	5.0	26.0	7.0	23.0	33.0	149.27754	12.599999	1880.897	104.49428	0.04975918	122.28182983398438	0	0	0	1	0	0	0	1	1	0	0	1276	ugly
cucumber-jvm	267.json	3	3	3	0.0	0.6435985565185547	0.9067414142758363	0	0	0	1	1	1.89	0	0	0	12.0	2.0	13.0	4.0	14.0	17.0	64.72504	12.0	776.70044	43.150024	0.021575011	131.28770446777344	0	0	0	1	0	0	1	1	0	0	0	0	good
cucumber-jvm	626.json	12	11	11	0.0	0.1909998506307602	0.02270029311062054	3	2	5	3	3	2.86	1	5	5	26.0	8.0	51.0	13.0	34.0	64.0	325.59763	21.125	6878.25	382.125	0.10853254	101.37865447998047	0	0	0	1	0	0	0	1	0	0	0	0	good
cucumber-jvm	1371.json	7	7	7	0.0	0.2544267177581787	0.23556231318631607	3	2	5	2	2	2.56	1	3	2	18.0	6.0	34.0	9.0	24.0	43.0	197.15338	13.5	2661.5706	147.86504	0.065717794	111.53955078125	0	0	0	1	1	0	0	1	1	0	0	262	noise
cucumber-jvm	254.json	4	4	4	0.0	0.6009055972099304	0.906299905038122	0	0	0	1	1	2.0	0	2	2	11.0	3.0	16.0	3.0	14.0	19.0	72.339745	5.5	397.8686	22.103811	0.024113249	126.04888916015625	0	0	0	1	0	0	0	0	0	0	0	14	bad
cucumber-jvm	81.json	3	3	3	0.0	0.6981150507926941	0.8472110236295882	0	0	0	1	1	1.89	0	1	1	12.0	2.0	14.0	3.0	14.0	17.0	64.72504	9.0	582.5253	32.36252	0.021575011	131.28770446777344	0	1	0	0	0	0	0	1	0	0	0	0	good
cucumber-jvm	441.json	3	3	3	0.0	0.6863117814064026	0.5421174797372279	0	0	0	1	1	1.89	0	2	2	14.0	5.0	19.0	6.0	19.0	25.0	106.19819	8.400001	892.0648	49.55916	0.035399396	128.712890625	0	0	0	1	0	0	0	1	0	0	0	20	bad
cucumber-jvm	1533.json	10	10	10	0.0	0.038314126431941986	0.0030376167646616694	2	2	4	3	3	3.6	2	5	3	27.0	8.0	56.0	18.0	35.0	74.0	379.56693	30.375	11529.346	640.5192	0.1265223	102.12516021728516	0	1	0	0	0	0	0	1	2	0	0	113	noise
cucumber-jvm	616.json	17	15	15	0.0	0.11846964806318283	2.609532479155835E-4	5	4	9	5	5	6.06	4	6	6	30.0	9.0	79.0	20.0	39.0	99.0	523.2548	33.333336	17441.828	968.9905	0.17441827	93.42723083496094	0	0	0	1	0	0	0	1	4	0	0	0	good
cucumber-jvm	57.json	10	10	10	0.0	0.05528230965137482	0.5100532397181932	2	2	4	3	3	3.67	2	5	4	18.0	4.0	40.0	9.0	22.0	49.0	218.51215	20.25	4424.871	245.82617	0.07283738	104.99654388427734	0	0	0	1	0	0	0	1	0	0	0	1456	ugly
cucumber-jvm	1019.json	16	16	16	0.0	0.001626669312827289	9.074467096880485E-4	5	3	8	4	4	3.32	2	15	7	28.0	9.0	75.0	22.0	37.0	97.0	505.317	34.22222	17293.07	960.72614	0.168439	92.79309844970703	1	0	0	0	0	0	0	1	3	0	0	263	noise
cucumber-jvm	610.json	5	5	5	0.0	0.07025182247161865	0.08948342146584363	2	1	3	2	2	2.99	1	3	3	23.0	5.0	33.0	7.0	28.0	40.0	192.29419	16.1	3095.9365	171.99648	0.06409806	117.12017059326172	1	0	0	0	0	0	0	1	0	0	0	0	good
cucumber-jvm	14.json	2	2	2	0.0	0.6356760859489441	0.9535341814036913	0	0	0	1	1	0.0	0	0	0	7.0	1.0	8.0	1.0	8.0	9.0	27.0	3.5	94.5	5.25	0.009	142.4026641845703	0	0	0	1	0	0	0	0	0	0	0	855	ugly
cucumber-jvm	291.json	3	3	3	0.0	0.7266408801078796	0.9407335043502525	0	0	0	1	1	1.89	0	1	1	10.0	3.0	13.0	4.0	13.0	17.0	62.907475	6.666667	419.38318	23.299065	0.020969158	131.43582153320312	0	0	0	1	0	0	0	1	0	0	0	0	good
cucumber-jvm	1006.json	3	3	3	0.0	0.0016455391887575388	0.3962839901267595	0	0	0	1	1	1.89	0	1	1	15.0	5.0	22.0	7.0	20.0	29.0	125.335915	10.5	1316.0271	73.11262	0.04177864	127.8512954711914	0	0	0	1	0	0	0	3	0	0	0	0	good
cucumber-jvm	889.json	3	3	3	0.0	0.7064514756202698	0.87785365108925	0	0	0	1	1	1.89	0	1	1	11.0	3.0	13.0	4.0	14.0	17.0	64.72504	7.3333335	474.65027	26.36946	0.021575011	131.28770446777344	0	0	0	1	0	0	0	1	0	0	0	312	ugly
cucumber-jvm	1196.json	5	5	5	0.0	0.05780170112848282	0.9006024263082486	0	0	0	1	1	1.96	0	3	2	10.0	3.0	17.0	3.0	13.0	20.0	74.0088	5.0	370.04398	20.557999	0.024669599	122.31534576416016	0	0	0	1	0	0	0	0	0	0	0	565	ugly
cucumber-jvm	1349.json	5	5	5	0.0	0.32455846667289734	0.1689536357148373	1	1	2	2	2	2.99	1	2	2	20.0	6.0	27.0	8.0	26.0	35.0	164.5154	13.333334	2193.5388	121.863266	0.054838464	117.93148040771484	1	0	0	0	0	0	0	2	0	0	0	0	good
cucumber-jvm	1008.json	19	19	19	0.0	0.06769001483917236	0.0027545083163319534	3	3	6	5	5	6.43	4	6	5	29.0	10.0	77.0	19.0	39.0	96.0	507.39862	27.55	13978.832	776.6018	0.16913287	89.75774383544922	0	0	0	1	0	0	0	0	3	0	0	584	ugly
cucumber-jvm	1118.json	3	3	3	0.0	0.3869644105434418	0.5870578872340977	0	0	0	1	1	1.89	0	0	0	15.0	4.0	17.0	4.0	19.0	21.0	89.20648	7.5	669.0486	37.169365	0.029735494	129.61952209472656	0	0	0	1	0	0	0	2	0	0	0	0	good
cucumber-jvm	623.json	3	3	3	0.0	0.49060937762260437	0.9874286005924409	0	0	0	1	1	1.89	0	0	0	9.0	2.0	10.0	2.0	11.0	12.0	41.51318	4.5	186.80931	10.378295	0.013837727	133.59722900390625	0	0	0	1	0	0	0	0	0	0	0	0	good
cucumber-jvm	749.json	3	3	3	0.0	0.42720186710357666	0.6327886985591764	0	0	0	1	1	1.89	0	1	1	14.0	5.0	16.0	6.0	19.0	22.0	93.45441	8.400001	785.0171	43.61206	0.03115147	129.37762451171875	1	0	0	0	1	0	0	1	0	0	0	0	good
cucumber-jvm	1446.json	3	3	3	0.0	0.49719807505607605	0.7142982606218182	0	0	0	1	1	1.89	0	1	1	14.0	3.0	17.0	4.0	17.0	21.0	85.83672	9.333334	801.1428	44.507935	0.028612241	129.81976318359375	0	0	0	1	0	0	0	1	0	0	0	15	bad
cucumber-jvm	1057.json	12	12	12	0.0	0.0028882105834782124	4.50773062511448E-4	5	4	9	5	5	2.75	4	10	4	18.0	12.0	68.0	23.0	30.0	91.0	446.52704	17.25	7702.5913	427.92175	0.14884235	97.86671447753906	0	0	0	1	0	0	0	2	0	0	0	300	noise
cucumber-jvm	635.json	3	3	3	0.0	0.37955906987190247	0.721926597981399	0	0	0	1	1	1.89	0	2	2	13.0	3.0	17.0	4.0	16.0	21.0	84.0	8.666667	728.0	40.444443	0.028	129.93223571777344	0	0	0	1	0	0	0	1	0	0	0	0	good
cucumber-jvm	1048.json	3	3	3	0.0	0.4149513244628906	0.8800798701812521	0	0	0	1	1	1.89	0	1	1	11.0	2.0	14.0	3.0	13.0	17.0	62.907475	8.25	518.9867	28.832594	0.020969158	131.43582153320312	0	0	0	1	0	0	0	1	0	0	0	123	noise
cucumber-jvm	762.json	11	8	8	0.125	0.7705022692680359	0.17276077550145846	0	0	0	2	2	2.27	1	5	5	22.0	5.0	45.0	9.0	27.0	54.0	256.76392	19.8	5083.9253	282.4403	0.08558797	108.00263214111328	0	0	0	1	0	0	0	0	2	0	0	3265	ugly
cucumber-jvm	655.json	3	3	3	0.0	0.8886641263961792	0.799116712994557	0	0	0	1	1	1.89	0	0	0	13.0	2.0	16.0	2.0	15.0	18.0	70.32403	6.5	457.10617	25.394787	0.023441343	130.85629272460938	0	0	0	1	0	0	1	0	0	0	0	0	good
cucumber-jvm	264.json	3	3	3	0.0	0.9302310943603516	0.9621311495378376	0	0	0	1	1	1.89	0	0	0	9.0	2.0	10.0	2.0	11.0	12.0	41.51318	4.5	186.80931	10.378295	0.013837727	133.59722900390625	0	0	0	1	0	0	1	0	0	0	0	0	good
cucumber-jvm	294.json	19	19	19	0.0	0.007893462665379047	3.9086124300762944E-7	7	6	13	7	7	3.5	5	18	7	24.0	11.0	110.0	39.0	35.0	149.0	764.2632	42.545456	32515.926	1806.4403	0.2547544	87.1677474975586	0	0	0	1	0	0	0	1	3	0	0	0	good
cucumber-jvm	924.json	3	3	3	0.0	0.6072273254394531	0.7681882770283693	0	0	0	1	1	1.89	0	2	2	14.0	1.0	20.0	1.0	15.0	21.0	82.0447	7.0	574.3129	31.906273	0.027348233	130.05470275878906	1	0	0	0	0	0	0	0	0	0	0	0	good
cucumber-jvm	11.json	9	10	9	0.0	0.1514643132686615	0.3424555352438772	0	0	0	1	1	4.26	1	1	1	20.0	5.0	39.0	6.0	25.0	45.0	208.97353	12.0	2507.6824	139.31569	0.06965784	107.3954849243164	1	0	0	0	0	0	0	0	1	0	0	241	noise
cucumber-jvm	287.json	3	3	3	0.0	0.9210250377655029	0.9633535295727004	0	0	0	1	1	1.89	0	0	0	9.0	2.0	10.0	2.0	11.0	12.0	41.51318	4.5	186.80931	10.378295	0.013837727	133.59722900390625	0	0	0	1	0	0	0	0	0	0	0	0	good
cucumber-jvm	68.json	3	3	3	0.0	0.6834186911582947	0.8466108641962653	0	0	0	1	1	1.89	0	1	1	12.0	2.0	14.0	3.0	14.0	17.0	64.72504	9.0	582.5253	32.36252	0.021575011	131.28770446777344	0	1	0	0	0	0	0	1	0	0	0	0	good
cucumber-jvm	637.json	3	3	3	0.0	0.6088995933532715	0.9262797810758319	0	0	0	1	1	1.89	0	1	1	8.0	3.0	9.0	3.0	11.0	12.0	41.51318	4.0	166.05272	9.225151	0.013837727	133.59722900390625	0	0	0	1	0	0	0	1	0	0	0	2	bad
cucumber-jvm	122.json	3	3	3	0.0	0.6200287342071533	0.689540892806535	0	0	0	1	1	1.89	0	2	2	12.0	4.0	18.0	5.0	16.0	23.0	92.0	7.5	690.0	38.333332	0.030666666	129.4591827392578	0	0	0	1	0	0	1	0	0	0	0	180	noise
cucumber-jvm	266.json	3	3	3	0.0	0.8979825377464294	0.9677933410930901	0	0	0	1	1	1.89	0	0	0	9.0	2.0	10.0	2.0	11.0	12.0	41.51318	4.5	186.80931	10.378295	0.013837727	133.59722900390625	0	0	0	1	0	0	1	0	0	0	0	0	good
cucumber-jvm	273.json	3	3	3	0.0	0.32265639305114746	0.8414648513582534	0	0	0	1	1	1.89	0	0	0	15.0	2.0	16.0	4.0	17.0	20.0	81.74926	15.0	1226.2389	68.12438	0.027249753	130.07347106933594	0	0	0	1	0	0	1	1	0	0	0	0	good
cucumber-jvm	281.json	5	5	5	0.0	0.020125994458794594	0.4080881812935081	0	0	0	1	1	1.96	0	3	1	11.0	6.0	26.0	10.0	17.0	36.0	147.14867	9.166666	1348.8627	74.93681	0.049049556	118.7416000366211	0	1	0	0	0	0	0	0	0	0	0	0	good
cucumber-jvm	1447.json	7	7	7	0.0	0.1620873063802719	0.38508969727828163	0	0	0	3	3	4.12	2	3	3	19.0	4.0	33.0	7.0	23.0	40.0	180.94247	16.625	3008.1687	167.12048	0.06031416	111.75572204589844	1	0	0	0	0	0	0	1	2	0	0	0	good
cucumber-jvm	941.json	6	6	6	0.0	0.043997518718242645	0.44138955974733934	0	0	0	2	2	3.27	1	3	3	16.0	6.0	28.0	9.0	22.0	37.0	164.99898	12.0	1979.9878	109.99932	0.05499966	114.96261596679688	1	0	0	0	0	0	0	1	1	0	0	0	good
cucumber-jvm	256.json	15	14	14	0.0	0.021640975028276443	7.657938061638708E-4	2	1	3	3	3	2.56	1	7	7	30.0	9.0	65.0	26.0	39.0	91.0	480.97162	43.333332	20842.104	1157.8947	0.16032387	95.44306945800781	0	0	0	1	0	0	0	1	1	0	0	11	bad
cucumber-jvm	1351.json	3	3	3	0.0	0.7279043793678284	0.6895821207307065	0	0	0	1	1	1.89	0	3	3	14.0	2.0	19.0	3.0	16.0	22.0	88.0	10.5	924.0	51.333332	0.029333333	129.69032287597656	0	0	0	1	1	0	0	1	0	0	0	7	bad
cucumber-jvm	1065.json	11	11	11	0.0	0.012401465326547623	0.3684374416054496	2	2	4	3	3	3.56	2	4	3	15.0	10.0	36.0	16.0	25.0	52.0	241.48051	12.0	2897.766	160.987	0.0804935	102.93279266357422	1	0	0	0	0	0	0	4	1	0	0	42	noise
cucumber-jvm	1366.json	7	7	7	0.0	0.1640070527791977	0.10951997324636015	1	1	2	2	2	2.56	1	2	2	17.0	5.0	36.0	14.0	22.0	50.0	222.97159	23.8	5306.7236	294.818	0.07432386	110.89962768554688	1	0	0	0	0	0	0	1	1	0	0	338	ugly
cucumber-jvm	1311.json	3	3	3	0.0	0.773914635181427	0.956574504598504	0	0	0	1	1	1.89	0	0	0	9.0	2.0	10.0	2.0	11.0	12.0	41.51318	4.5	186.80931	10.378295	0.013837727	133.59722900390625	0	0	0	1	0	0	0	0	0	0	0	0	good
cucumber-jvm	609.json	5	5	5	0.0	0.1602473109960556	0.15481343295799935	0	0	0	1	1	1.96	0	4	4	18.0	6.0	28.0	11.0	24.0	39.0	178.81354	16.5	2950.4233	163.91241	0.059604514	117.72811889648438	0	0	0	1	0	0	0	1	0	0	0	0	good
cucumber-jvm	939.json	5	5	5	0.0	0.1932252198457718	0.754326639972944	0	0	0	1	1	1.96	0	3	3	13.0	5.0	21.0	7.0	18.0	28.0	116.757904	9.099999	1062.4968	59.027603	0.0389193	119.94457244873047	0	0	0	1	0	0	0	1	0	0	0	59	noise
cucumber-jvm	1061.json	10	10	10	0.0	0.07123372703790665	0.43867783019738044	1	1	2	2	2	2.99	1	6	5	18.0	5.0	36.0	12.0	23.0	48.0	217.13098	21.6	4690.0293	260.5572	0.072377	105.25951385498047	0	0	0	1	0	0	0	1	0	0	0	103	noise
cucumber-jvm	1133.json	3	3	3	0.0	0.8714024424552917	0.9612640214151162	0	0	0	1	1	1.89	0	0	0	9.0	2.0	10.0	2.0	11.0	12.0	41.51318	4.5	186.80931	10.378295	0.013837727	133.59722900390625	0	0	0	1	0	0	1	0	0	0	0	0	good
cucumber-jvm	277.json	10	7	7	0.0	0.9768270254135132	0.37463827772558556	0	0	0	1	1	1.81	0	5	5	19.0	8.0	35.0	10.0	27.0	45.0	213.96994	11.875	2540.893	141.16072	0.07132331	111.34391021728516	0	0	0	1	0	0	0	0	2	0	0	0	good
cucumber-jvm	785.json	13	13	13	0.0	0.03882888704538345	0.012334023560017148	1	1	2	3	3	3.72	2	3	2	25.0	9.0	56.0	15.0	34.0	71.0	361.20987	20.833332	7525.205	418.06696	0.12040329	98.13262939453125	1	0	0	0	0	0	0	0	1	0	0	1197	ugly
cucumber-jvm	423.json	4	4	4	0.0	0.15438564121723175	0.011807876372911362	0	0	0	1	1	2.0	0	4	4	24.0	6.0	42.0	8.0	30.0	50.0	245.34451	16.0	3925.5122	218.08401	0.08178151	119.69818115234375	0	0	0	1	1	0	0	1	1	0	0	151	noise
cucumber-jvm	82.json	3	3	3	0.0	0.22666797041893005	0.7781175422249466	0	0	0	1	1	1.89	0	1	1	13.0	3.0	15.0	5.0	16.0	20.0	80.0	10.833333	866.6666	48.148148	0.026666667	130.18594360351562	0	1	0	0	0	0	0	2	0	0	0	0	good
cucumber-jvm	265.json	3	3	3	0.0	0.7327563166618347	0.8963448466610828	0	0	0	1	1	1.89	0	0	0	12.0	2.0	13.0	4.0	14.0	17.0	64.72504	12.0	776.70044	43.150024	0.021575011	131.28770446777344	0	0	0	1	0	0	1	1	0	0	0	0	good
cucumber-jvm	1534.json	6	6	6	0.0	0.09756015986204147	0.2728529370159916	1	1	2	2	2	2.75	1	4	3	18.0	3.0	32.0	6.0	21.0	38.0	166.90805	18.0	3004.345	166.90805	0.05563602	114.90279388427734	0	1	0	0	0	0	0	1	0	0	0	239	noise
cucumber-jvm	614.json	8	6	6	0.16666666666666666	0.3234374523162842	0.14682895992882597	2	1	3	2	2	2.56	1	4	4	22.0	7.0	34.0	11.0	29.0	45.0	218.60916	17.285713	3778.8152	209.93417	0.07286972	113.4996109008789	0	0	0	1	0	0	0	1	0	0	0	27	bad
cucumber-jvm	1352.json	3	3	3	0.0	4.965492989867926E-4	0.44031742510783484	0	0	0	1	1	1.89	0	3	3	13.0	5.0	20.0	6.0	18.0	26.0	108.41805	7.8	845.6608	46.981155	0.03613935	128.60531616210938	0	0	0	0	1	0	0	1	0	0	0	14	bad
cucumber-jvm	888.json	12	12	12	0.0	0.22834062576293945	0.2040287601024452	1	1	2	3	3	4.36	2	4	4	21.0	9.0	40.0	15.0	30.0	55.0	269.87897	17.5	4722.882	262.38232	0.08995966	100.94505310058594	0	0	0	0	0	0	0	0	2	0	0	1755	ugly
cucumber-jvm	1518.json	9	8	9	0.0	0.24959233403205872	0.05221310247303695	0	0	0	2	2	4.62	1	4	4	25.0	7.0	44.0	10.0	32.0	54.0	270.0	17.857143	4821.4287	267.85715	0.09	105.83316802978516	0	0	0	1	0	0	0	0	1	0	0	1562	ugly
cucumber-jvm	1444.json	4	4	4	0.0	0.6108909845352173	0.9541565207443157	0	0	0	1	1	2.0	0	2	2	10.0	2.0	16.0	3.0	12.0	19.0	68.11429	7.5	510.85718	28.380955	0.022704763	126.36186218261719	0	0	0	1	0	0	0	0	0	0	0	28	bad
cucumber-jvm	1141.json	5	5	5	0.0	0.04814183712005615	0.36977013513028684	0	0	0	2	2	2.99	1	1	1	19.0	5.0	25.0	8.0	24.0	33.0	151.30376	15.2	2299.8171	127.76762	0.050434586	118.3667984008789	0	0	0	1	0	0	0	2	1	0	0	186	noise
cucumber-jvm	24.json	17	17	16	0.0	0.09638310223817825	1.2203286233255851E-4	4	3	7	3	3	5.09	2	4	4	28.0	9.0	78.0	31.0	37.0	109.0	567.83044	48.22222	27382.045	1521.2247	0.18927681	92.41658020019531	0	0	0	1	0	0	0	2	1	0	0	0	good
cucumber-jvm	9.json	3	3	3	0.0	0.025788960978388786	0.38325582898997246	0	0	0	1	1	1.89	0	3	3	15.0	4.0	23.0	7.0	19.0	30.0	127.43783	13.125	1672.6215	92.923416	0.042479277	127.76480865478516	0	0	0	1	0	0	0	1	0	0	0	0	good
cucumber-jvm	1378.json	11	10	10	0.0	0.3498725891113281	0.05588590152870674	1	1	2	3	3	3.6	2	5	5	25.0	9.0	45.0	14.0	34.0	59.0	300.1603	19.444445	5836.4507	324.24725	0.10005344	103.34567260742188	1	0	0	0	0	0	0	1	2	0	0	1872	ugly
cucumber-jvm	123.json	6	5	6	0.0	0.16567166149616241	0.22618128222978653	0	0	0	2	2	2.75	0	5	5	20.0	5.0	32.0	8.0	25.0	40.0	185.75424	16.0	2972.0679	165.11488	0.06191808	114.34648895263672	0	0	0	1	0	0	0	0	2	0	0	1794	ugly
cucumber-jvm	285.json	3	3	3	0.0	0.16096769273281097	0.8622887154879504	0	0	0	1	1	1.89	0	1	1	10.0	2.0	13.0	2.0	12.0	15.0	53.77444	5.0	268.8722	14.937344	0.017924814	132.25152587890625	0	0	0	1	0	0	1	0	0	0	0	0	good
cucumber-jvm	1063.json	6	6	6	0.0	0.04740729182958603	0.3238377344973718	0	0	0	1	1	1.89	0	5	4	15.0	5.0	28.0	12.0	20.0	40.0	172.87712	18.0	3111.788	172.87712	0.057625707	114.9500732421875	1	0	0	0	0	0	0	1	0	0	0	0	good
cucumber-jvm	1520.json	3	3	3	0.0	0.9148455262184143	0.9715767354935421	0	0	0	1	1	1.89	0	0	0	9.0	2.0	10.0	2.0	11.0	12.0	41.51318	4.5	186.80931	10.378295	0.013837727	133.59722900390625	0	0	0	1	0	0	1	0	0	0	0	0	good
cucumber-jvm	27.json	5	5	5	0.0	0.3912197947502136	0.7126787004923905	1	1	2	2	2	2.99	1	0	0	16.0	3.0	22.0	5.0	19.0	27.0	114.694046	13.333333	1529.2539	84.95855	0.03823135	119.80731201171875	1	0	0	0	0	0	0	2	0	0	0	0	good
cucumber-jvm	1537.json	7	7	7	0.0	0.05644773319363594	0.14872577324978922	0	0	0	2	2	2.56	1	2	2	21.0	6.0	34.0	10.0	27.0	44.0	209.21506	17.5	3661.2634	203.40352	0.06973835	111.23076629638672	0	0	0	1	0	0	0	2	1	0	0	789	ugly
cucumber-jvm	1056.json	8	6	6	0.3333333333333333	0.15050572156906128	0.104050302600201	2	2	4	2	2	2.4	1	6	5	19.0	6.0	37.0	11.0	25.0	48.0	222.90509	17.416668	3882.264	215.68134	0.0743017	113.3984146118164	0	0	0	1	0	0	0	1	0	0	0	322	ugly
cucumber-jvm	238.json	3	3	3	0.0	0.7135907411575317	0.8966541503196214	0	0	0	1	1	1.89	0	1	1	11.0	2.0	13.0	2.0	13.0	15.0	55.506596	5.5	305.2863	16.96035	0.018502198	132.086669921875	0	0	0	1	0	0	1	0	0	0	0	7	bad
cucumber-jvm	272.json	3	3	3	0.0	0.7570710182189941	0.9281633682908812	0	0	0	1	1	1.89	0	0	0	11.0	3.0	12.0	3.0	14.0	15.0	57.110325	5.5	314.10678	17.450377	0.019036775	131.9385528564453	0	0	0	1	0	0	1	0	0	0	0	0	good
cucumber-jvm	234.json	9	8	8	0.0	0.25419357419013977	0.2153888331838517	1	1	2	2	2	2.83	1	3	3	21.0	5.0	37.0	13.0	26.0	50.0	235.022	27.3	6416.1006	356.45004	0.078340665	108.46271514892578	0	0	0	1	0	0	0	2	1	0	0	0	good
cucumber-jvm	1176.json	3	3	3	0.0	0.33645254373550415	0.6182353935642816	0	0	0	1	1	3.77	0	0	0	13.0	2.0	19.0	2.0	15.0	21.0	82.0447	6.5	533.2905	29.62725	0.027348233	130.05470275878906	0	0	0	1	0	0	1	0	0	0	0	40	noise
cucumber-jvm	1128.json	3	3	3	0.0	0.8714024424552917	0.9612640214151162	0	0	0	1	1	1.89	0	0	0	9.0	2.0	10.0	2.0	11.0	12.0	41.51318	4.5	186.80931	10.378295	0.013837727	133.59722900390625	0	0	0	1	0	0	1	0	0	0	0	0	good
cucumber-jvm	1242.json	3	3	3	0.0	0.8714024424552917	0.9612640214151162	0	0	0	1	1	1.89	0	0	0	9.0	2.0	10.0	2.0	11.0	12.0	41.51318	4.5	186.80931	10.378295	0.013837727	133.59722900390625	0	0	0	1	0	0	1	0	0	0	0	0	good
cucumber-jvm	275.json	3	3	3	0.0	0.6862946152687073	0.874406712810407	0	0	0	1	1	1.89	0	0	0	10.0	3.0	11.0	4.0	13.0	15.0	55.506596	6.666667	370.04398	20.557999	0.018502198	132.086669921875	0	0	0	1	0	0	1	1	0	0	0	0	good
cucumber-jvm	1491.json	3	3	3	0.0	0.6696003079414368	0.8936942414733863	0	0	0	1	1	1.89	0	1	1	11.0	2.0	13.0	2.0	13.0	15.0	55.506596	5.5	305.2863	16.96035	0.018502198	132.086669921875	0	0	0	1	0	0	1	0	0	0	0	4	bad
cucumber-jvm	293.json	9	9	9	0.0	0.3140336275100708	0.8037700005709887	1	1	2	3	3	3.66	2	1	1	18.0	5.0	29.0	8.0	23.0	37.0	167.3718	14.400001	2410.154	133.89745	0.0557906	108.08982849121094	0	0	0	1	0	0	0	0	2	0	0	0	good
cucumber-jvm	252.json	8	8	8	0.0	0.023228729143738747	0.0018559263277644982	1	1	2	2	2	2.83	1	5	4	28.0	7.0	53.0	16.0	35.0	69.0	353.92053	32.0	11325.457	629.1921	0.117973514	106.33386993408203	0	0	0	1	0	0	0	1	1	0	0	1197	ugly
cucumber-jvm	250.json	3	3	3	0.0	0.7355196475982666	0.9072552127095086	0	0	0	1	1	1.89	0	1	1	10.0	2.0	12.0	2.0	12.0	14.0	50.189476	5.0	250.94739	13.941522	0.016729826	132.61029052734375	0	0	0	1	0	0	0	0	0	0	0	1185	ugly
cucumber-jvm	1018.json	10	10	10	0.0	0.06063629314303398	0.008774612884969592	5	4	9	4	4	2.99	1	7	4	20.0	8.0	49.0	22.0	28.0	71.0	341.3222	27.5	9386.36	521.4645	0.11377407	102.44741821289062	1	0	0	0	0	0	0	1	1	1	1	269	noise
cucumber-jvm	283.json	4	4	4	0.0	0.8564577698707581	0.8651947013427825	0	0	0	1	1	2.0	0	1	1	13.0	3.0	19.0	4.0	16.0	23.0	92.0	8.666667	797.3334	44.2963	0.030666666	124.7987289428711	0	0	0	1	0	0	0	0	1	0	0	0	good
cucumber-jvm	1382.json	10	9	9	0.0	0.13865678012371063	0.03754354987862763	2	1	3	3	3	4.26	2	5	4	23.0	8.0	45.0	14.0	31.0	59.0	292.29758	20.125	5882.489	326.80493	0.097432524	105.19054412841797	1	0	0	0	0	0	0	2	1	0	0	1722	ugly
cucumber-jvm	80.json	3	3	3	0.0	0.7613123655319214	0.9029731785824723	0	0	0	1	1	1.89	0	0	0	11.0	3.0	12.0	3.0	14.0	15.0	57.110325	5.5	314.10678	17.450377	0.019036775	131.9385528564453	0	1	0	0	0	0	0	0	0	0	0	0	good
cucumber-jvm	1443.json	22	21	21	0.0	3.4994177985936403E-4	6.832132143537208E-8	4	4	8	8	8	5.11	5	14	8	32.0	12.0	123.0	32.0	44.0	155.0	846.2119	42.666668	36105.043	2005.8357	0.28207064	84.78673553466797	0	0	0	1	0	0	0	0	5	0	0	1153	ugly
cucumber-jvm	922.json	13	9	12	0.0	0.10044190287590027	0.25359866555833205	0	0	0	3	3	3.77	2	5	5	24.0	6.0	47.0	10.0	30.0	57.0	279.69275	20.0	5593.855	310.7697	0.09323092	100.75931549072266	0	0	0	1	0	0	0	0	3	0	0	536	ugly
cucumber-jvm	1005.json	3	3	3	0.0	0.769170880317688	0.7692423942213528	0	0	0	1	1	1.89	0	1	1	13.0	3.0	16.0	3.0	16.0	19.0	76.0	6.5	494.0	27.444445	0.025333334	130.45266723632812	0	0	0	1	0	0	0	1	0	0	0	0	good
cucumber-jvm	270.json	3	3	3	0.0	0.890204906463623	0.9585335635453555	0	0	0	1	1	1.89	0	0	0	9.0	2.0	10.0	2.0	11.0	12.0	41.51318	4.5	186.80931	10.378295	0.013837727	133.59722900390625	0	0	0	1	0	0	1	0	0	0	0	0	good
cucumber-jvm	657.json	3	3	3	0.0	0.8886641263961792	0.799116712994557	0	0	0	1	1	1.89	0	0	0	13.0	2.0	16.0	2.0	15.0	18.0	70.32403	6.5	457.10617	25.394787	0.023441343	130.85629272460938	0	0	0	1	0	0	1	0	0	0	0	0	good
cucumber-jvm	257.json	6	6	6	0.0	0.5701702237129211	0.6162817292460157	2	1	3	2	2	6.53	0	1	1	14.0	5.0	20.0	8.0	19.0	28.0	118.94197	11.2	1332.15	74.00833	0.039647322	116.66458892822266	0	0	0	1	0	0	0	1	0	0	0	51	noise
cucumber-jvm	7.json	2	2	2	0.0	0.39639782905578613	0.9543727370192776	0	0	0	1	1	0.0	0	0	0	7.0	1.0	8.0	1.0	8.0	9.0	27.0	3.5	94.5	5.25	0.009	142.4026641845703	0	0	0	1	0	0	0	0	0	0	0	510	ugly
cucumber-jvm	1500.json	3	3	3	0.0	0.007871400564908981	0.11218075934621355	0	0	0	1	1	1.89	0	7	5	17.0	3.0	33.0	5.0	20.0	38.0	164.23326	14.166666	2326.6377	129.25764	0.05474442	126.44578552246094	1	0	0	0	0	0	0	1	0	0	0	16	bad
cucumber-jvm	1029.json	3	2	2	0.5	0.9859089851379395	0.9570213775822687	0	0	0	1	1	1.89	0	0	0	9.0	1.0	10.0	1.0	10.0	11.0	36.541206	4.5	164.43542	9.135302	0.012180402	140.82913208007812	0	0	0	1	0	0	0	0	0	0	0	19	bad
cucumber-jvm	295.json	3	3	3	0.0	0.8259879946708679	0.9389928470522276	0	0	0	1	1	1.89	0	1	1	10.0	3.0	12.0	3.0	13.0	15.0	55.506596	5.0	277.533	15.418499	0.018502198	132.086669921875	0	0	0	1	0	0	0	0	0	0	0	0	good
cucumber-jvm	1445.json	3	3	3	0.0	0.6994936466217041	0.9172424059962929	0	0	0	1	1	1.89	0	1	1	11.0	3.0	13.0	4.0	14.0	17.0	64.72504	7.3333335	474.65027	26.36946	0.021575011	131.28770446777344	0	0	0	1	0	0	0	1	0	0	0	66	noise
cucumber-jvm	1338.json	3	3	3	0.0	0.7593644261360168	0.8329894601115694	0	0	0	1	1	1.89	0	0	0	12.0	2.0	14.0	3.0	14.0	17.0	64.72504	9.0	582.5253	32.36252	0.021575011	131.28770446777344	1	0	0	0	0	0	0	1	0	0	0	0	good
cucumber-jvm	1125.json	3	3	3	0.0	0.7110084891319275	0.8782322753842765	0	0	0	1	1	1.89	0	0	0	11.0	3.0	12.0	3.0	14.0	15.0	57.110325	5.5	314.10678	17.450377	0.019036775	131.9385528564453	0	0	0	1	0	0	1	0	0	0	0	0	good
cucumber-jvm	282.json	3	3	3	0.0	0.3703180253505707	0.8418572819827287	0	0	0	1	1	1.89	0	0	0	12.0	3.0	14.0	3.0	15.0	17.0	66.41714	6.0	398.5028	22.139046	0.022139046	131.1535186767578	0	0	0	1	0	0	1	0	0	0	0	0	good
cucumber-jvm	624.json	3	3	3	0.0	0.8980134725570679	0.9914714916955435	0	0	0	1	1	1.89	0	0	0	9.0	2.0	10.0	2.0	11.0	12.0	41.51318	4.5	186.80931	10.378295	0.013837727	133.59722900390625	0	0	0	1	0	0	0	0	0	0	0	0	good
cucumber-jvm	235.json	3	3	3	0.0	0.6959624290466309	0.858225841265178	0	0	0	1	1	1.89	0	1	1	11.0	3.0	14.0	4.0	14.0	18.0	68.53239	7.3333335	502.57086	27.920603	0.022844128	130.99049377441406	0	0	0	1	0	0	0	1	0	0	0	0	good
cucumber-jvm	636.json	4	4	4	0.0	0.13538405299186707	0.3212409017875179	0	0	0	1	1	2.0	0	3	3	16.0	6.0	25.0	9.0	22.0	34.0	151.62068	12.0	1819.4482	101.08046	0.050540227	122.20084381103516	1	0	0	0	0	0	0	2	1	0	0	114	noise
cucumber-jvm	1458.json	9	9	9	0.0	0.38610726594924927	0.27977611954854	0	0	0	2	2	2.95	1	2	2	22.0	9.0	34.0	11.0	31.0	45.0	222.93884	13.444445	2997.2888	166.51605	0.07431295	106.82909393310547	1	0	0	0	0	0	0	1	1	0	0	119	noise
cucumber-jvm	78.json	3	3	3	0.0	0.6200287342071533	0.689540892806535	0	0	0	1	1	1.89	0	2	2	12.0	4.0	18.0	5.0	16.0	23.0	92.0	7.5	690.0	38.333332	0.030666666	129.4591827392578	0	0	0	1	0	0	1	0	0	0	0	372	ugly
cucumber-jvm	388.json	3	3	3	0.0	0.9148455262184143	0.9715767354935421	0	0	0	1	1	1.89	0	0	0	9.0	2.0	10.0	2.0	11.0	12.0	41.51318	4.5	186.80931	10.378295	0.013837727	133.59722900390625	0	0	0	1	0	0	1	0	0	0	0	0	good
cucumber-jvm	255.json	3	3	3	0.0	0.2230224758386612	0.6771016290299783	0	0	0	1	1	1.89	0	2	2	15.0	3.0	19.0	4.0	18.0	23.0	95.90828	10.0	959.08276	53.282375	0.031969428	129.2428436279297	0	0	0	1	0	0	0	1	0	0	0	27	bad
cucumber-jvm	1062.json	6	6	6	0.0	0.03445398434996605	0.3542719088179961	0	0	0	1	1	1.89	0	5	4	15.0	5.0	28.0	12.0	20.0	40.0	172.87712	18.0	3111.788	172.87712	0.057625707	114.9500732421875	1	0	0	0	0	0	0	1	0	0	0	0	good
cucumber-jvm	1529.json	27	20	20	0.2	0.0	7.083699259536162E-7	5	3	8	5	5	4.15	3	15	12	41.0	9.0	121.0	26.0	50.0	147.0	829.64685	59.22222	49133.53	2729.6406	0.27654895	86.36993408203125	1	0	0	0	1	0	0	2	3	0	0	192	noise
cucumber-jvm	1492.json	3	3	3	0.0	0.6518692374229431	0.9379183266437937	0	0	0	1	1	1.89	0	1	1	11.0	2.0	13.0	2.0	13.0	15.0	55.506596	5.5	305.2863	16.96035	0.018502198	132.086669921875	0	0	0	1	0	0	1	0	0	0	0	0	good
cucumber-jvm	424.json	3	3	3	0.0	0.0026142410933971405	0.19081066820737982	0	0	0	1	1	1.89	0	1	1	17.0	7.0	23.0	7.0	24.0	30.0	137.54887	8.5	1169.1654	64.953636	0.045849625	127.36779022216797	0	0	0	1	0	0	0	2	0	0	0	79	noise
cucumber-jvm	612.json	6	6	6	0.0	0.034272510558366776	0.20308511068211593	0	0	0	2	2	2.75	1	4	4	20.0	6.0	30.0	9.0	26.0	39.0	183.31715	15.0	2749.7573	152.7643	0.061105717	114.4151611328125	0	0	0	1	0	0	0	0	1	0	0	662	ugly
cucumber-jvm	280.json	3	3	3	0.0	0.2836618721485138	0.8657993721121937	0	0	0	1	1	1.89	0	1	1	11.0	2.0	13.0	2.0	13.0	15.0	55.506596	5.5	305.2863	16.96035	0.018502198	132.086669921875	0	0	0	1	0	0	1	0	0	0	0	20	bad
cucumber-jvm	962.json	3	3	3	0.0	0.4149513244628906	0.8800798701812521	0	0	0	1	1	1.89	0	1	1	11.0	2.0	14.0	3.0	13.0	17.0	62.907475	8.25	518.9867	28.832594	0.020969158	131.43582153320312	0	0	0	1	0	0	0	1	0	0	0	123	noise
cucumber-jvm	127.json	4	4	4	0.0	0.4509708285331726	0.8394531333283717	0	0	0	1	1	2.0	0	2	2	12.0	3.0	18.0	4.0	15.0	22.0	85.95159	8.0	687.61273	38.200706	0.02865053	125.15235137939453	0	0	0	1	0	0	0	1	0	0	0	3939	ugly
cucumber-jvm	926.json	10	7	9	0.0	0.20033635199069977	0.16191768748037688	0	0	0	2	2	2.51	1	2	2	20.0	6.0	43.0	10.0	26.0	53.0	249.12332	16.666666	4152.055	230.66974	0.08304111	106.25163269042969	1	0	0	0	0	0	0	1	2	0	0	13	bad
cucumber-jvm	56.json	8	7	7	0.0	0.11362539976835251	0.15615830493859076	0	0	0	1	1	1.81	0	2	2	19.0	5.0	36.0	13.0	24.0	49.0	224.66316	24.699999	5549.1797	308.28775	0.07488772	111.09032440185547	0	0	0	1	0	0	0	2	1	0	0	184	noise
cucumber-jvm	1066.json	5	5	5	0.0	1.349428202956915E-4	0.969831399696155	0	0	0	1	1	1.96	0	4	4	1.0	1.0	1.0	3.0	2.0	4.0	4.0	1.5	6.0	0.33333334	0.0013333333	137.48837280273438	1	0	0	0	0	0	0	1	1	3	2	7	bad
cucumber-jvm	659.json	3	3	3	0.0	0.8886641263961792	0.799116712994557	0	0	0	1	1	1.89	0	0	0	13.0	2.0	16.0	2.0	15.0	18.0	70.32403	6.5	457.10617	25.394787	0.023441343	130.85629272460938	0	0	0	1	0	0	1	0	0	0	0	0	good
cucumber-jvm	1020.json	6	6	6	0.0	0.11611230671405792	0.04540793928796077	0	0	0	1	1	1.89	0	5	4	20.0	6.0	40.0	11.0	26.0	51.0	239.72244	18.333334	4394.9116	244.16176	0.079907484	113.25019073486328	1	0	0	0	0	0	0	2	1	0	0	0	good
cucumber-jvm	1525.json	3	3	3	0.0	0.8027470111846924	0.9542963651582133	0	0	0	1	1	1.89	0	0	0	9.0	2.0	10.0	2.0	11.0	12.0	41.51318	4.5	186.80931	10.378295	0.013837727	133.59722900390625	0	0	0	1	0	0	0	0	0	0	0	19	bad
cucumber-jvm	111.json	12	5	12	0.0	0.13415467739105225	0.6244339164205641	1	1	2	2	2	9.84	1	1	1	17.0	5.0	31.0	19.0	22.0	50.0	222.97159	32.3	7201.982	400.1101	0.07432386	102.16788482666016	1	0	0	0	0	0	0	1	0	0	0	413	ugly
cucumber-jvm	125.json	4	4	4	0.0	0.4509708285331726	0.8394531333283717	0	0	0	1	1	2.0	0	2	2	12.0	3.0	18.0	4.0	15.0	22.0	85.95159	8.0	687.61273	38.200706	0.02865053	125.15235137939453	0	0	0	1	0	0	0	1	0	0	0	3939	ugly
cucumber-jvm	276.json	5	5	5	0.0	0.6596461534500122	0.7290689824193366	2	1	3	2	2	2.99	1	1	1	15.0	5.0	22.0	7.0	20.0	29.0	125.335915	10.5	1316.0271	73.11262	0.04177864	119.34591674804688	0	0	0	1	0	0	0	0	1	0	0	21	bad
cucumber-jvm	620.json	3	3	3	0.0	0.20817239582538605	0.480555355272746	0	0	0	1	1	1.89	0	1	1	16.0	3.0	20.0	4.0	19.0	24.0	101.950264	10.666667	1087.4695	60.41497	0.03398342	128.92515563964844	0	0	0	0	1	0	0	1	0	0	0	0	good
cucumber-jvm	1163.json	3	3	3	0.0	0.48999592661857605	0.8845565750069152	0	0	0	1	1	1.89	0	1	1	11.0	3.0	13.0	4.0	14.0	17.0	64.72504	7.3333335	474.65027	26.36946	0.021575011	131.28770446777344	0	0	0	1	0	0	0	1	0	0	0	257	noise
cucumber-jvm	621.json	3	3	3	0.0	0.11012627184391022	0.31853016771434217	0	0	0	1	1	1.89	0	2	2	18.0	2.0	26.0	3.0	20.0	29.0	125.335915	13.5	1692.0348	94.00193	0.04177864	127.8512954711914	0	0	0	1	0	0	1	0	0	0	0	0	good
cucumber-jvm	1004.json	3	3	3	0.0	0.7580128312110901	0.8329450536045071	0	0	0	1	1	1.89	0	1	1	12.0	3.0	15.0	4.0	15.0	19.0	74.23092	8.0	593.84735	32.99152	0.024743639	130.57513427734375	0	0	0	1	0	0	0	1	0	0	0	0	good
cucumber-jvm	1523.json	16	16	16	0.0	0.032966066151857376	4.8695713303413694E-6	3	2	5	4	4	4.8	3	4	4	35.0	13.0	88.0	27.0	48.0	115.0	642.2707	36.346153	23344.068	1296.8927	0.21409023	91.54601287841797	0	0	0	1	1	0	0	1	6	1	1	1948	ugly
cucumber-jvm	15.json	3	3	3	0.0	0.26844438910484314	0.7749987423537659	0	0	0	1	1	1.89	0	2	2	11.0	3.0	17.0	3.0	14.0	20.0	76.147095	5.5	418.80902	23.267168	0.025382364	130.44261169433594	0	0	0	1	0	0	0	0	0	0	0	0	good
cucumber-jvm	244.json	2	2	2	0.0	0.9368849992752075	0.9523284798376479	0	0	0	1	1	0.0	0	0	0	8.0	2.0	9.0	2.0	10.0	11.0	36.541206	4.0	146.16483	8.120268	0.012180402	140.82913208007812	0	0	0	1	0	0	0	1	0	0	0	1718	ugly
cucumber-jvm	1030.json	18	18	18	0.0	5.089103942736983E-4	1.8945710609591718E-4	1	1	2	3	3	2.51	1	7	6	35.0	11.0	75.0	24.0	46.0	99.0	546.83264	38.18182	20879.066	1159.9481	0.18227755	90.70443725585938	0	0	0	1	0	0	0	1	4	0	0	368	ugly
cucumber-jvm	1022.json	5	5	5	0.0	0.0033789430744946003	0.15494400455723076	0	0	0	1	1	1.96	0	2	2	17.0	8.0	28.0	13.0	25.0	41.0	190.3981	13.8125	2629.8738	146.1041	0.063466035	117.40169525146484	1	0	0	0	0	0	0	4	1	0	0	0	good
cucumber-jvm	625.json	14	14	12	0.0	0.74892657995224	0.9796672024086887	0	0	0	1	1	3.77	1	0	0	16.0	4.0	36.0	4.0	20.0	40.0	172.87712	8.0	1383.017	76.834274	0.057625707	103.7210922241211	0	0	0	1	0	0	0	0	0	0	0	0	good
cucumber-jvm	645.json	20	20	20	0.0	0.020109260454773903	1.474942377804598E-7	6	5	11	6	6	4.21	3	6	5	32.0	13.0	109.0	36.0	45.0	145.0	796.3187	44.307693	35283.047	1960.1693	0.26543957	86.35314178466797	1	0	0	0	0	0	0	1	6	0	0	603	ugly
cucumber-jvm	1059.json	13	13	13	0.0	0.0020796456374228	1.2504046919236216E-4	7	5	12	6	6	2.79	5	7	2	18.0	13.0	75.0	26.0	31.0	101.0	500.37384	18.0	9006.7295	500.37387	0.16679128	95.74797058105469	1	0	0	0	0	0	0	2	0	0	0	274	noise
cucumber-jvm	1538.json	3	3	3	0.0	0.5019418597221375	0.9007435524348397	0	0	0	1	1	1.89	0	1	1	10.0	2.0	12.0	2.0	12.0	14.0	50.189476	5.0	250.94739	13.941522	0.016729826	132.61029052734375	0	0	0	1	0	0	0	0	0	0	0	41	noise
cucumber-jvm	1350.json	6	6	6	0.0	0.208582803606987	0.08624950107165032	1	1	2	2	2	3.27	1	3	2	20.0	8.0	31.0	11.0	28.0	42.0	201.9089	13.75	2776.2476	154.23598	0.067302965	113.91284942626953	1	0	0	0	0	0	0	2	0	0	0	20	bad
cucumber-jvm	1164.json	3	3	3	0.0	0.017382854595780373	0.8562321733870899	0	0	0	1	1	1.89	0	1	1	11.0	3.0	13.0	4.0	14.0	17.0	64.72504	7.3333335	474.65027	26.36946	0.021575011	131.28770446777344	0	0	0	1	0	0	0	1	0	0	0	193	noise
cucumber-jvm	617.json	26	24	25	0.0	0.0	7.207493084384264E-13	2	4	6	7	7	5.64	5	13	11	46.0	16.0	167.0	40.0	62.0	207.0	1232.5187	57.5	70869.82	3937.2122	0.41083956	80.23677062988281	0	0	0	1	0	0	0	1	3	1	1	0	good
cucumber-jvm	1040.json	3	3	3	0.0	0.47280797362327576	0.8892270641733138	0	0	0	1	1	1.89	0	0	0	12.0	2.0	13.0	4.0	14.0	17.0	64.72504	12.0	776.70044	43.150024	0.021575011	131.28770446777344	0	0	0	1	0	0	1	1	0	0	0	0	good
cucumber-jvm	279.json	5	4	4	0.0	0.9641656279563904	0.9460487623862153	0	0	0	1	1	2.0	0	2	2	12.0	2.0	17.0	2.0	14.0	19.0	72.339745	6.0	434.03845	24.113247	0.024113249	126.04888916015625	0	0	0	1	0	0	0	0	0	0	0	0	good
cucumber-jvm	16.json	3	3	3	0.0	0.4978485703468323	0.6909374722097171	0	0	0	1	1	1.89	0	1	1	15.0	3.0	17.0	4.0	18.0	21.0	87.56843	10.0	875.68427	48.649124	0.029189477	129.7158966064453	0	0	0	1	0	0	0	1	0	0	0	50	noise
